exclusion_terms,heterogeneity,heterogeneity_type,heterogeneity_frequency
abnormalities,antifungal diversity,biological,2
abnormality,diverse antifungal,biological,2
accession,diversity in antifungal,biological,3
accessions,diversity of antifungal,biological,3
adenovirus,antigen diversity,biological,2
adenoviruses,antigenic diversity,biological,2
agent,diverse antigen,biological,2
agents,diverse antigens,biological,2
anti-junctional,diverse antigenic,biological,2
antibodies,diversity of antigen,biological,3
antibody,diversity in antigen,biological,3
antifungal,diversity in antigens,biological,3
antifungus,diversity of antigens,biological,3
antigen,apoptotic diversity,biological,2
antigenic,apoptosis diversity,biological,2
antigens,diverse apoptosis,biological,2
apoptosis,diverse apoptotic,biological,2
apoptotic,diversity of apoptosis,biological,3
archaea,diversity of apoptotic,biological,3
autoantigen,diversity in apoptosis,biological,3
autoantigenic,diversity in apoptotic,biological,3
autoantigens,diverse applications,general,2
bacteria,diversity of applications,general,3
bacterially,diversity in applications,general,3
bacterioplankton,diverse approaches,general,2
bacterium,diversity of approaches,general,3
biofilm,diversity in approaches,general,3
bovine,diversity in array,general,3
cell,diverse array,general,2
cells,diversity of arrays,methodological,3
cellular,array diversity,methodological,2
channel,cell diversity,biological,2
channels,cellular diversity,biological,2
chemical,diverse cell,biological,2
chemically,diverse cells,biological,2
chemicals,diverse cellular,biological,2
chloroplast,diversity in cells,biological,3
chloroplasts,diversity in cell,biological,3
clonal,diversity in cellular,biological,3
clonally,diversity of cell,biological,3
clone,diversity of cellular,biological,3
clones,chemical diversity,biological,2
clonotypic,chemically diversity,biological,2
collection,chemically diverse,biological,2
collections,diverse chemical,biological,2
compound,diverse chemically,biological,2
compounds,diverse chemicals,biological,2
concentration,diversity in chemical,biological,3
concentrations,diversity in chemicals,biological,3
cyanobacteria,diversity in chemically,biological,3
cytoadherence,diversity of chemical,biological,3
cytokine,diversity of chemicals,biological,3
cytokines,diversity of chemically,biological,3
electrophoretic,diversity of causes,general,3
enzymatic,diversity in causes,general,3
enzyme,diverse cause,general,2
enzymes,diverse causes,general,2
enzymic,diverse clone,biological,2
epitope,diverse clones,biological,2
epitopes,diverse clonal,biological,2
eubacteria,diversity in clone,biological,3
eubacterial,diversity in clones,biological,3
eubacterium,diversity in clonal,biological,3
eukaryote,diversity in clonally,biological,3
eukaryotes,diversity of clone,biological,3
eukaryotic,diversity of clones,biological,3
expression,clonally diverse,biological,2
expressional,diversity of clonal,biological,3
expressions,clone diversity,biological,2
extra-cellular,diverse collection,general,2
extracellular,diverse collections,general,2
extraintestinal,collection of diverse,general,3
fungal,collections of diverse,general,3
fungi,diversity in collection,general,3
fungus,diversity in collections,general,3
germ-line,diversity of collection,general,3
germline,diversity of collections,general,3
germlines,diverse compound,biological,2
herpesvirus,diverse compounds,biological,2
herpesviruses,compound diversity,biological,2
histocompatability,diversity in compound,biological,3
histocompatable,diversity in compounds,biological,3
immune,diversity of compound,biological,3
immunological,diversity of compounds,biological,3
inter-species,diverse discipline,general,2
interclonal,diverse disciplines,general,2
interspecies,diverse disciplinary,general,2
intraclonal,discipline diversity,general,2
ion,disciplinary diversity,general,2
ions,diversity in disciplines,general,3
junction,diversity in disciplinary,general,3
junctional,diversity of disciplines,general,3
junctions,diversity of disciplinary,general,3
jurassic,diverse battery,methodological,2
leucocyte,diverse data,methodological,2
leucocytes,diverse dataset,methodological,2
leukocyte,diverse datasets,methodological,2
leukocytes,diverse data set,methodological,3
ligand,diverse data sets,methodological,3
ligands,diverse training data,methodological,3
lymphocyte,diverse training set,methodological,3
lymphocytes,diverse training sets,methodological,3
macro-organism,diverse datasource,methodological,2
macro-organismic,diverse datasources,methodological,2
macro-organisms,diverse data source,methodological,3
macroorganism,diverse data sources,methodological,3
macroorganismic,diverse effects,general,2
macroorganisms,diversity of effects,general,3
macrophagal,diversity in effects,general,3
macrophage,diverse eukaryote,biological,2
malignancies,diverse eukaryotes,biological,2
malignancy,diverse eukaryotic,biological,2
membrane,eukaryotic diversity,biological,2
membranes,diversity of eukaryotes,biological,3
membranic,diversity of eukaryotic,biological,3
mesozoic,diversity in eukaryotes,biological,3
metamorphic,diversity in eukaryotic,biological,3
metazoa,expressional diversity,biological,2
metazoan,expression diversity,biological,2
methanogen,diverse expressional,biological,2
methanogens,diverse expression,biological,2
mhc,diverse expressions,biological,2
micro-organism,diversity of expression,biological,3
micro-organismic,diversity of expressions,biological,3
micro-organisms,diversity of expressional,biological,3
microbe,diversity in expression,biological,3
microbes,diversity in expressions,biological,3
microbial,diversity in expressional,biological,3
microbial,extracellular diversity,biological,2
microbiome,extra-cellular diversity,biological,2
microbiomes,diverse extracellular ,biological,2
microorganism,diverse extra-cellular ,biological,2
microorganismic,diversity in extracellular ,biological,3
microorganisms,diversity in extra-cellular ,biological,3
microphagal,diversity of extracellular ,biological,3
microphage,diversity of extra-cellular ,biological,3
mitral,diverse field,ecological,2
monoclonal,diverse fields,ecological,2
morphologies,diversity of field,ecological,3
morphology,diversity of fields,ecological,3
mutagen,diversity in field,ecological,3
mutagenic,diversity in fields,ecological,3
mutagens,field diversity,ecological,2
mutant,functional diversity,biological,2
mutants,function diversity,biological,2
mutation,diversity of function,biological,3
mutational,diversity of functions,biological,3
mutations,diversity of functional,biological,3
neoplasm,diversity in function,biological,3
neoplasms,diversity in functions,biological,3
neural,diversity in functional,biological,3
neuron,diverse functionally,biological,2
neuronal,functionally diverse,biological,2
neurons,diversity in functionally,biological,3
neuropeptide,diversity of functionally,biological,3
neuropeptides,diverse function,biological,2
neurotoxic,diverse functions,biological,2
neurotoxin,diverse functional,biological,2
neurotoxins,diverse fungus,ecological,2
neutrophil,diverse fungi,ecological,2
neutrophils,diversity in fungus,ecological,3
norovirus,diversity in fungi,ecological,3
noroviruses,diversity of fungus,ecological,3
organism,diversity of fungi,ecological,3
organisms,fungal diversity,ecological,2
parasite,fungus diversity,ecological,2
parasites,fungi diversity,ecological,2
parasitic,plant diversity,ecological,2
parenchyma,plants diversity,ecological,2
parenchymal,diverse plant,ecological,2
pathogen,diverse plants,ecological,2
pathogenic,diversity of plant,ecological,3
pathogenically,diversity of plants,ecological,3
pathogens,diversity in plant,ecological,3
pathological,diversity in plants,ecological,3
pathologies,model diversity,methodological,2
pathology,diverse model,methodological,2
peptide,diverse models,methodological,2
peptides,diversity in model,methodological,3
phagal,diversity in models,methodological,3
phage,diversity of model,methodological,3
phagocyte,diversity of models,methodological,3
phagocytes,diverse neural,biological,2
pharmacodynamic,neural diversity,biological,2
pharmacological,diversity in neural,biological,3
pharmalogical,diversity of neural,biological,3
physiologies,diverse neuron,biological,2
physiology,diverse neurons,biological,2
plankton,diverse neuronal,biological,2
plant,diversity in neuron,biological,3
plants,diversity in neurons,biological,3
polyclonal,diversity in neuronal,biological,3
progenitor,diversity of neuron,biological,3
progenitors,diversity of neurons,biological,3
properties,diversity of neuronal,biological,3
property,neuron diversity,biological,2
protea,neuronal diversity,biological,2
protean,metamorphic diversity,ecological,2
protein,diverse metamorphic,ecological,2
proteinic,diversity in metamorphic,ecological,3
proteins,diversity of metamorphic,ecological,3
proteome,diverse agent,biological,2
proteomic,diverse agents,biological,2
receptor,diversity of agent,biological,3
receptors,diversity of agents,biological,3
rotavirus,diversity in agent,biological,3
rotaviruses,diversity in agents,biological,3
seed,agent diversity,biological,2
seedling,agents diversity,biological,2
seedlings,junction diversity,biological,2
seeds,junctional diversity,biological,2
sequence,diverse junction,biological,2
sequences,diverse junctions,biological,2
serotype,diversity of junction,biological,3
serotypes,diversity of junctions,biological,3
serotypic,diversity in junction,biological,3
signal,diversity in junctions,biological,3
signals,diverse junctional,biological,2
stimuli,diversity of junctional,biological,3
stimulus,ligand diversity,biological,2
strain,diverse ligand,biological,2
strains,diverse ligands,biological,2
subclonal,diversity of ligand,biological,3
subclone,diversity of ligands,biological,3
target,interclonal diversity,biological,2
targets,intraclonal diversity,biological,2
tissue,inter-clonal diversity,biological,2
tissues,intra-clonal diversity,biological,2
topic,diverse interclonal,biological,2
topics,diverse intraclonal,biological,2
transcription,diverse inter-clonal,biological,2
transcriptional,diverse intra-clonal,biological,2
transcriptions,diversity of interclonal,biological,3
transcriptome,diversity of intraclonal,biological,3
transcriptomic,diversity of inter-clonal,biological,3
triassic,diversity of intra-clonal,biological,3
tumor,interneuronal diversity,biological,2
tumors,intraneuronal diversity,biological,2
tumour,inter-neuronal diversity,biological,2
tumours,intra-neuronal diversity,biological,2
vasculitis,diverse interneuronal,biological,2
xenobiotic,diverse intraneuronal,biological,2
xenobiotics,diverse inter-neuronal,biological,2
,diverse intra-neuronal,biological,2
,diversity of interneuronal,biological,3
,diversity of intraneuronal,biological,3
,diversity of inter-neuronal,biological,3
,diversity of intra-neuronal,biological,3
,diverse microorganism,biological,2
,diverse microorganisms,biological,2
,diverse macroorganism,biological,2
,diverse macroorganisms,biological,2
,diverse micro-organism,biological,2
,diverse micro-organisms,biological,2
,diverse macro-organism,biological,2
,diverse macro-organisms,biological,2
,diverse organism,biological,2
,diverse organisms,biological,2
,organism diversity,biological,2
,organismic diversity,biological,2
,diverse microorganismic,biological,2
,diverse macroorganismic,biological,2
,diverse micro-organismic,biological,2
,diverse macro-organismic,biological,2
,diversity of organism,biological,3
,diversity of microorganism,biological,3
,diversity of microorganisms,biological,3
,diversity of macroorganism,biological,3
,diversity of macroorganisms,biological,3
,diversity of micro-organism,biological,3
,diversity of micro-organisms,biological,3
,diversity of macro-organism,biological,3
,diversity of macro-organisms,biological,3
,diversity of organisms,biological,3
,micro-organism diversity,biological,2
,micro-organismic diversity,biological,2
,macro-organism diversity,biological,2
,macro-organismic diversity,biological,2
,microorganism diversity,biological,2
,microorganismic diversity,biological,2
,macroorganism diversity,biological,2
,macroorganismic diversity,biological,2
,diverse membrane,biological,2
,diverse membranes,biological,2
,diverse membranic,biological,2
,membrane diversity,biological,2
,membranic diversity,biological,2
,diversity of membrane,biological,3
,diversity of membranes,biological,3
,diversity of membranic,biological,3
,neurotoxin diversity,biological,2
,neurotoxic diversity,biological,2
,diverse neurotoxin,biological,2
,diverse neurotoxins,biological,2
,diverse neurotoxic,biological,2
,diversity of neurotoxin,biological,3
,diversity of neurotoxins,biological,3
,diversity of neurotoxic,biological,3
,diverse properties,general,2
,diversity in properities,general,3
,diversity of properities,general,3
,property diverse,general,2
,diverse processes,general,2
,process diversity,general,2
,diversity in processes,general,3
,diversity of processes,general,3
,diverse process,general,2
,peptide diversity,biological,2
,peptidic diversity,biological,2
,neuropeptide diversity,biological,2
,neuropeptidic diversity,biological,2
,diverse neuropeptide,biological,2
,diverse neuropeptides,biological,2
,diverse peptide,biological,2
,diverse peptides,biological,2
,diversity of neuropeptide,biological,3
,diversity of neuropeptides,biological,3
,diversity of peptide,biological,3
,diversity of peptides,biological,3
,diverse mechanism,biological,2
,diverse mechanisms,biological,2
,diverse mechanical,biological,2
,diverse mechanistic,biological,2
,mechanism diversity,biological,2
,mechanistic diversity,biological,2
,mechanical diversity,biological,2
,diversity in mechanism,biological,3
,diversity in mechanisms,biological,3
,diversity in mechanical,biological,3
,diversity in mechanistic,biological,3
,diversity of mechanism,biological,3
,diversity of mechanisms,biological,3
,diversity of mechanical,biological,3
,diversity of mechanistic,biological,3
,microbe diversity,biological,2
,microbes diversity,biological,2
,microbial diversity,biological,2
,microbiome diversity,biological,2
,microbiomes diversity,biological,2
,microbiota diversity,biological,2
,diverse microbes,biological,2
,diverse microbe,biological,2
,diverse microbial,biological,2
,diverse microbiome,biological,2
,diverse microbiomes,biological,2
,diverse microbiota,biological,2
,diversity of microbes,biological,3
,diversity of microbe,biological,3
,diversity of microbial,biological,3
,diversity of microbiome,biological,3
,diversity of microbiota,biological,3
,diverse microbiotas,biological,2
,diversity of microbiotas,biological,3
,diversity of microbiomes,biological,3
,pathogen diversity,biological,2
,pathogens diversity,biological,2
,pathogenic diversity,biological,2
,diverse pathogen,biological,2
,diverse pathogens,biological,2
,diverse pathogenic,biological,2
,diversity of pathogen,biological,3
,diversity of pathogens,biological,3
,diversity of pathogenic,biological,3
,pathogenically diverse,biological,2
,diverse pathogenally,biological,2
,diversity of pathogenically,biological,3
,protein diversity,biological,2
,proteins diversity,biological,2
,proteomic diversity,biological,2
,proteome diversity,biological,2
,proteinic diversity,biological,2
,diverse protein,biological,2
,diverse proteins,biological,2
,diverse proteinic,biological,2
,diverse proteome,biological,2
,diverse proteomic,biological,2
,diversity of protein,biological,3
,diversity of proteins,biological,3
,diversity of proteinic,biological,3
,diversity of proteome,biological,3
,diversity of proteomic,biological,3
,range diversity,general,2
,diverse range,general,2
,diversity of range,general,3
,diverse ranges,general,2
,diversity of ranges,general,3
,diversity in range,general,3
,diversity in ranges,general,3
,diverse receptor,biological,2
,diverse receptors,biological,2
,diversity of receptor,biological,3
,diversity of receptors,biological,3
,receptor diversity,biological,2
,receptors diversity,biological,2
,diverse repertoire,general,2
,diverse repertoires,general,2
,diversity of repertoire,general,3
,diversity of repertoires,general,3
,diversity in repertoire,general,3
,diversity in repertoires,general,3
,repertoire diversity,biological,2
,diverse response,general,2
,diverse responses,general,2
,diversity of response,general,3
,diversity of responses,general,3
,diversity in response,general,3
,diversity in responses,general,3
,response diversity,general,2
,set diversity,general,2
,diverse set,general,2
,diverse sets,general,2
,diversity of set,general,3
,diversity of sets,general,3
,diversity in set,general,3
,diversity in sets,general,3
,sequence diversity,biological,2
,diverse sequence,biological,2
,diverse sequences,biological,2
,diversity of sequence,biological,3
,diversity of sequences,biological,3
,signal diversity,biological,2
,signals diversity,biological,2
,signaling diversity,biological,2
,diverse signal,biological,2
,diverse signals,biological,2
,diverse signaling,biological,2
,diversity of signal,biological,3
,diversity of signals,biological,3
,diversity of signaling,biological,3
,diverse stimulus,methodological,2
,diverse stimuli,methodological,2
,stimulus diversity,methodological,2
,stimuli diversity,methodological,2
,diversity of stimulus,methodological,3
,diversity of stimuli,methodological,3
,subclonal diversity,biological,2
,diverse subclone,biological,2
,diverse subclones,biological,2
,diverse subclonal,biological,2
,diversity of subclone,biological,3
,diversity of subclones,biological,3
,diversity of subclonal,biological,3
,diverse technologies,methodological,2
,diverse transcription,biological,2
,diverse transcriptions,biological,2
,diverse transcriptional,biological,2
,diverse transcriptome,biological,2
,diverse transcriptomic,biological,2
,diversity of transcription,biological,3
,diversity of transcriptions,biological,3
,diversity of transcriptional,biological,3
,diversity of transcriptome,biological,3
,diversity of transcriptomic,biological,3
,transcription diversity,biological,2
,transcriptional diversity,biological,2
,transcriptome diversity,biological,2
,transcriptomic diversity,biological,2
,phage diversity,biological,2
,microphage diversity,biological,2
,macrophage diversity,biological,2
,diverse phage,biological,2
,diverse phages,biological,2
,diverse phagal,biological,2
,diversity of phage,biological,3
,diversity of phages,biological,3
,diversity of phagal,biological,3
,diverse macrophage,biological,2
,diverse macrophages,biological,2
,diverse macrophagal,biological,2
,diversity of macrophage,biological,3
,diversity of macrophages,biological,3
,diversity of macrophagal,biological,3
,diverse microphage,biological,2
,diverse microphages,biological,2
,diverse microphagal,biological,2
,diversity of microphage,biological,3
,diversity of microphages,biological,3
,diversity of microphagal,biological,3
,leucocyte diversity,biological,2
,leukocyte diversity,biological,2
,diverse leucocyte,biological,2
,diverse leucocytes,biological,2
,diversity of leucocyte,biological,3
,diversity of leucocytes,biological,3
,autoantigen diversity,biological,2
,autoantigenic diversity,biological,2
,diverse autoantigen,biological,2
,diverse autoantigens,biological,2
,diverse autoantigenic,biological,2
,diversity of autoantigen,biological,3
,diversity of autoantigens,biological,3
,diversity of autoantigenic,biological,3
,diverse accession,biological,2
,diverse accessions,biological,2
,diversity of accession,biological,3
,diversity of accessions,biological,3
,accession diversity,biological,2
,pharmacodynamic diversity,biological,2
,pharmalogical diversity,biological,2
,pharmacological diversity,biological,2
,diverse pharmalogical,biological,2
,diverse pharmacodynamic,biological,2
,diverse pharmacological,biological,2
,diversity of pharmalogical,biological,3
,diversity of pharmacodynamic,biological,3
,diversity of pharmacological,biological,3
,metazoa diversity,biological,2
,metazoan diversity,biological,2
,diverse metazoa,biological,2
,diverse metazoan,biological,2
,diverseity of metazoa,biological,3
,diversity of metazoan,biological,3
,diverse commensal bacterium,biological,3
,diverse commensal bacteria,biological,3
,definitional diversity,general,2
,diversity of definition,general,3
,diversity in definition,general,3
,diversity of definitions,general,3
,diversity in definitions,general,3
,diverse definition,general,2
,diverse definitions,general,2
,diversity of disorder,general,3
,diversity of disorders,general,3
,diversity in disorder,general,3
,diversity in disorders,general,3
,diverse disorder,general,2
,diverse disorders,general,2
,diverse symptom,general,2
,diverse symptoms,general,2
,diversity of symptom,general,3
,diversity in symptoms,general,3
,diversity in symptom,general,3
,diversity of symptoms,general,3
,target diversity,biological,2
,diverse target,biological,2
,diverse targets,biological,2
,diversity of target,biological,3
,diversity of targets,biological,3
,diverse progenitor,biological,2
,diverse progenitors,biological,2
,diversity of progenitor,biological,3
,diversity of progenitors,biological,3
,progenitor diversity,biological,2
,diverse species,biological,2
,diverse inter-species,biological,2
,inter-species diversity,biological,2
,diversity of inter-species,biological,3
,diverse interspecies,biological,2
,interspecies diversity,biological,2
,diversity of interspecies,biological,3
,diverse serotype,biological,2
,diverse serotypes,biological,2
,diverse serotypic,biological,2
,diversity of serotype,biological,3
,diversity of serotypes,biological,3
,diversity of serotypic,biological,3
,serotype diversity,biological,2
,serotypic diversity,biological,2
,diverse profile,general,2
,diverse profiles,general,2
,diversity of profile,general,3
,diversity of profiles,general,3
,diversity in profile,general,3
,diversity in profiles,general,3
,diverse disease profile,general,3
,diverse disease profiles,general,3
,diverse disease background,general,3
,diverse disease backgrounds,general,3
,diverse malignancy,biological,2
,diverse malignancies,biological,2
,diversity of malignancy,biological,3
,diversity of malignancies,biological,3
,diversity in malignancy,biological,3
,diversity in malignancies,biological,3
,seed diversity,ecological,2
,seedling diversity,ecological,2
,diverse seed,ecological,2
,diverse seeds,ecological,2
,diverse seedling,ecological,2
,diverse seedlings,ecological,2
,etiological diversity,clinical,2
,diverse etiology,clinical,2
,diverse etiologies,clinical,2
,diverse etiological,clinical,2
,diversity of etiology,clinical,3
,diversity of etiologies,clinical,3
,diversity of etiological,clinical,3
,diverse clinical,clinical,2
,diverse clinical presentations,clinical,3
,diversity in clinical,clinical,3
,diversity of clinical,clinical,3
,diverse clinical indications,clinical,3
,diverse feature,clinical,2
,diverse features,clinical,2
,diverse clinical features,clinical,3
,diverse clinical mutations,clinical,3
,diverse clinical isolates,clinical,3
,diverse clinical settings,clinical,3
,diverse clinical criteria,clinical,3
,diverse clinical manifestations,clinical,3
,diverse clinical criterion,clinical,3
,diverse clinical variations,clinical,3
,morphological diversity,biological,2
,diverse morphology,biological,2
,diverse morphologies,biological,2
,diversity of morphology,biological,3
,diversity of morphologies,biological,3
,diversity of product,general,3
,diversity of products,general,3
,product diversity,general,2
,diverse reasons,general,2
,diversity of reasons,general,3
,diverse criteria,general,2
,diversity of criteria,general,3
,criterion diversity,methodological,2
,criteria diversity,methodological,2
,diverse case,methodological,2
,diverse cases,methodological,2
,diversity of cases,methodological,3
,case diversity,methodological,2
,diverse method,methodological,2
,diverse methods,methodological,2
,diversity of methodological,methodological,3
,diversity in methodological,methodological,3
,diversity in methods,methodological,3
,diversity of methods,methodological,3
,methodological diversity,methodological,2
,diverse mutation,biological,2
,diverse mutagenic,biological,2
,diversity of mutation,biological,3
,diversity of mutagenic,biological,3
,mutation diversity,biological,2
,mutagenic diversity,biological,2
,mutational diversity,biological,2
,diversity of mutations,biological,3
,diverse mutations,biological,2
,diverse pathology,clinical,2
,diverse pathologies,clinical,2
,diverse pathological,clinical,2
,diversity of pathology,clinical,3
,diversity of pathologies,clinical,3
,diversity of pathological,clinical,3
,pathology diversity,clinical,2
,pathological diversity,clinical,2
,diversity of topics,general,3
,diverse topics,general,2
,topic diversity,general,2
,diverse cue,methodological,2
,diverse cues,methodological,2
,diversity of cue,methodological,3
,diversity of cues,methodological,3
,cue diversity,methodological,2
,diverse phenomenon,general,2
,diverse phenomena,general,2
,diversity of phenomenon,general,3
,diversity of phenomena,general,3
,diversity in phenomenon,general,3
,diversity in phenomena,general,3
,diverse measure,methodological,2
,diverse measures,methodological,2
,diversity of measures,methodological,3
,diversity in measures,methodological,3
,diverse tumor type,clinical,3
,diverse tumor types,clinical,3
,diverse tumour type,clinical,3
,diverse tumour types,clinical,3
,diverse treatment,clinical,2
,diversity of treatments,clinical,3
,diversity in treatments,clinical,3
,diverse index,general,2
,diverse indices,general,2
,diversity in indices,general,3
,diversity of indices,general,3
,diverse level,general,2
,diverse levels,general,2
,diversity in levels,general,3
,diversity of levels,general,3
,diverse role,general,2
,diverse roles,general,2
,diversity in form,general,3
,diversity of form,general,3
,diversity of forms,general,3
,diversity in forms,general,3
,diverse forms,general,2
,diverse eubacteria,biological,2
,diverse eubacterial,biological,2
,diverse eubacterias,biological,2
,diversity of eubacteria,biological,3
,diversity of eubacterias,biological,3
,diversity of eubacterial,biological,3
,eubacteria diversity,biological,2
,eubacterial diversity,biological,2
,diverse concentrations,biological,2
,diversity of concentrations,biological,3
,diverse injury,clinical,2
,diverse injuries,clinical,2
,diversity of injuries,clinical,3
,diverse physiologies,clinical,2
,diversity of condition,clinical,3
,diversity in condition,clinical,3
,diversity of conditions,clinical,3
,diversity in conditions,clinical,3
,diverse physiological conditions,clinical,3
,diverse physiological responses,clinical,3
,diverse physiological condition,clinical,3
,diverse physiological response,clinical,3
,diversity in assessment,methodological,3
,diversity in assessments,methodological,3
,diversity of assessment,methodological,3
,diversity of assessments,methodological,3
,diversity of aggressive,methodological,3
,diverse aggressive,methodological,3
,diverse biological function,biological,3
,diverse biological functions,biological,3
,diverse biological mechanism,biological,3
,diverse biological mechanisms,biological,3
,diverse biological process,biological,3
,diverse biological processes,biological,3
,diversity and abundance,general,3
,diversity of conceptualization,general,3
,diversity of conceptualizations,general,3
,diversity in conceptualization,general,3
,diversity in conceptualizations,general,3
,diverse conceptualizations,general,2
,diverse conceptualization,general,2
,diverse extraintestinal,biological,2
,diverse biofilm,methodological,2
,channel diversity,biological,2
,diversity of channels,biological,2
,diverse channels,biological,2
,diverse setting,methodological,2
,diverse settings,methodological,2
,diversity of setting,methodological,3
,diversity of settings,methodological,3
,diversity in setting,methodological,3
,diversity in settings,methodological,3
,diverse laboratory setting,methodological,3
,diverse laboratory settings,methodological,3
,diverse laboratory data,methodological,3
,diverse strains,biological,2
,diverse factor,general,2
,diversity in factors,general,3
,diversity of factors,general,3
,diverse factors,general,2
,diverse electrophoretic types,methodological,3
,diverse signs,general,2
,signs of diverse,general,2
,signs in diverse,general,2
,diverse measurement,methodological,2
,diverse measurements,methodological,2
,diversity of measurement,methodological,3
,diversity of measurements,methodological,3
,diversity in measurement,methodological,3
,diversity in measurements,methodological,3
,diverse brand,general,2
,diverse brands,general,2
,diversity of brand,general,3
,diversity of brands,general,3
,diverse product,general,2
,diverse products,general,2
,diversity in brand,general,3
,diversity in brands,general,3
,diversity in product,general,3
,diversity in products,general,3
,diverse influence,general,2
,diverse influences,general,2
,diversity of influence,general,3
,diversity of influences,general,3
,diversity in influence,general,3
,diversity in influences,general,3