cultural,disability,diversity,equity,lifecourse,migration,minority,race_ethnicity,sex_gender,sexuality,social_class,ancestry,group
acculturation,ablebodied,diverse,disparities,adolescence,asylee,marginalized,biracial,agender,androphile,affluent,admixture,background
crosscultural,amputee,diversely,disparity,adolescent,asylees,minorities,biracially,agendered,androphiles,bluecollar,admixtured,backgrounds
crossculturally,amputees,diversified,equality,adolescents,asylumseeker,minoritygroup,biethnic,androgynous,androphilic,collegeeducated,ancestor,demographic
cultural,birthdefect,diversification,equality,adult,asylumseekers,minoritygroups,biethnically,bigender,androsexual,disadvantaged,ancestors,demographically
culturally,blindness,diversifying,equities,adulthood,citizen,minoritypopulation,ethnic,boy,androsexuals,distressed,ancestral,demographics
enculturation,cognitivedelay,diversity,equity,age,citizens,minoritypopulations,ethnicity,boys,aromantic,economicallydeprived,ancestries,cohort
intercultural,cognitivelydelayed,,harassment,agerelated,citizenship,underrepresented,ethnicities,cisgender,aromantic,economicinstability,ancestry,cohorts
interculturally,congenitaldefect,,inclusiveness,agespecific,foreignborn,minority,ethnically,cisgendered,aromantics,economicallystable,background,community
intracultural,cripple,,inclusivity,aging,immigrant,,ethnocultural,cisnormative,bicurious,economicallyunstable,backgrounds,communities
intraculturally,crippled,,inequalities,ageing,immigrants,,ethnoculturally,cispeople,biphobic,economicallyvulnerable,descendent,group
interlinguistic,deaf,,inequality,babies,migrant,,multiethnic,cisperson,bisexual,highincome,descendents,groups
interlingustically,deafblind,,inequities,baby,migrants,,multiethnically,demifae,bisexuals,highses,descent,human
intralinguistic,deafmute,,inequity,babyhood,migration,,multiracial,doublesex,butch,higherincome,familylineage,humans
intralinguistically,deafness,,injustice,boyhood,migrations,,multiracially,female,commercialsex,highestincome,familylineages,individual
language,developmentaldelay,,injustices,child,nonnative,,race,femaleassignedatbirth,demiromantic,highereducated,heritage,individuals
languages,developmentallydelayed,,justice,children,noncitizen,,races,femalesex,demiromantics,highlyeducated,heritages,participant
linguistic,developmentalimpairment,,justices,childhood,noncitizens,,racial,femalepresenting,gay,illiterate,kin,participants
linguistically,developmentallyimpaired,,microaggression,elder,nativeborn,,racially,femaletomale,gays,impoverished,kindred,patient
multicultural,differentlyabled,,microaggressions,elderly,refugee,,racism,females,glbt,lesseducated,,patients
multiculturally,disabilities,,oppressing,geriatric,refugees,,racisms,feminine,gsm,lessfortunate,,people
religion,disability,,oppression,girlhood,,,racist,feminineofcenter,gynephilic,lowclass,,person
religions,disabled,,oppressive,infancy,,,racists,femininepresenting,gynesexual,lowincome,,persons
religious,disfigured,,opresssions,infant,,,,feminities,gynesexuals,lowses,,population
religiousness,disfigurement,,prejudiced,kid,,,,feminity,heteronormative,lowerincome,,populations
religiosity,dwarf,,prejudicing,kids,,,,femme,heterosexist,lowestincome,,resident
sociocultural,dwarfism,,prejudized,middleage,,,,gender,heterosexual,lowerclass,,residents
,handicap,,socialbiases,middleaged,,,,genderbinary,heterosexuals,lowereducated,,sociodemographic
,handicapable,,socialdiscrimination,newborn,,,,genderneutrois,homosexual,middleclass,,sociodemographics
,handicapped,,stereotype,newborns,,,,gendernonconforming,homosexuals,middleincome,,subgroup
,hardofhearing,,stereotypes,old,,,,gendernormative,lesbian,middleclass,,subgroups
,hearingimpaired,,stereotyping,older,,,,gendervariant,lesbians,middleincome,,subject
,hearingimpairment,,,pediatric,,,,gendered,lgb,moreeducated,,subjects
,lame,,,preadolescence,,,,genderfae,lgbt,needy,,subpopulation
,limitedvision,,,preadolescent,,,,genderfaer,lgbt,poverty,,subpopulations
,lowvision,,,preadolescents,,,,genderfaun,lgbtq,proletarian,,
,mentalretardation,,,prepubescence,,,,genderfaunet,lgbtq,proletariat,,
,mentallyretarded,,,prepubescent,,,,genderflor,lgbtqi,rulingclass,,
,neurodiverse,,,prepubescents,,,,genderfluid,lgbtqia,rural,,
,neuroatypic,,,pubescence,,,,genderfluid,lgbtqiaa,socialclass,,
,neuroatypical,,,pubescent,,,,gendermars,monoamorous,suburb,,
,neurodiverse,,,pubescents,,,,genderqueer,pansexual,suburbs,,
,neurodiversity,,,teen,,,,gendersatyr,polyamorous,suburban,,
,neurotypical,,,teenager,,,,genderselkie,polyamory,socioeconomic,,
,paraplegic,,,teenagers,,,,gendervae,queer,socioeconomically,,
,paraplegics,,,teens,,,,girl,sexeducation,undereducated,,
,specialneeds,,,yearsold,,,,girls,sexlife,underprivileged,,
,visualimpairment,,,yearsofage,,,,gnc,sexpartner,underresourced,,
,visuallyimpaired,,,young,,,,intersex,sexpartners,underserved,,
,,,,younger,,,,intersexual,sexworker,uneducated,,
,,,,youngest,,,,male,sexworkers,upperclass,,
,,,,,,,,maleassignedatbirth,sexual,upperincome,,
,,,,,,,,malesex,sexualactivity,urban,,
,,,,,,,,maletofemale,sexualattraction,wealthier,,
,,,,,,,,males,sexualdevelopment,wealthiest,,
,,,,,,,,man,sexualdysfunction,wealthy,,
,,,,,,,,masculine,sexualfunction,welleducated,,
,,,,,,,,masculineofcenter,sexualintercourse,welloff,,
,,,,,,,,masculinepresenting,sexualorientation,welltodo,,
,,,,,,,,masculinities,sexualpartner,whitecollar,,
,,,,,,,,masculinity,sexualpartners,workingclass,,
,,,,,,,,men,sexualpreference,,,
,,,,,,,,misogynous,sexualreproduction,,,
,,,,,,,,nonbinary,sexualities,,,
,,,,,,,,patriarchy,sexuality,,,
,,,,,,,,patriarchal,sexually,,,
,,,,,,,,patrilineal,sexuallytransmitted,,,
,,,,,,,,polygender,skoliosexual,,,
,,,,,,,,sex,skoliosexuals,,,
,,,,,,,,sexadjusted,unprotectedsex,,,
,,,,,,,,sexassignedatbirth,,,,
,,,,,,,,sexchromosome,,,,
,,,,,,,,sexchromosomes,,,,
,,,,,,,,sexdetermination,,,,
,,,,,,,,sexdetermining,,,,
,,,,,,,,sexdifference,,,,
,,,,,,,,sexgene,,,,
,,,,,,,,sexgenes,,,,
,,,,,,,,sexhormone,,,,
,,,,,,,,sexhormones,,,,
,,,,,,,,sexlinked,,,,
,,,,,,,,sexmatched,,,,
,,,,,,,,sexratio,,,,
,,,,,,,,sexspecific,,,,
,,,,,,,,sexsteroid,,,,
,,,,,,,,sexsteroids,,,,
,,,,,,,,sexstratified,,,,
,,,,,,,,sexed,,,,
,,,,,,,,sexes,,,,
,,,,,,,,sexism,,,,
,,,,,,,,sexist,,,,
,,,,,,,,sexualdifferentiation,,,,
,,,,,,,,sexualdimorphism,,,,
,,,,,,,,sexuallydimorphic,,,,
,,,,,,,,transgender,,,,
,,,,,,,,transgendered,,,,
,,,,,,,,transman,,,,
,,,,,,,,transmen,,,,
,,,,,,,,transphobic,,,,
,,,,,,,,transsexual,,,,
,,,,,,,,transsexuals,,,,
,,,,,,,,transwoman,,,,
,,,,,,,,transwomen,,,,
,,,,,,,,woman,,,,
,,,,,,,,women,,,,